{
    "scenebuilder": {
        "buildings": [
            [
                [
                    1.774193548387096,
                    -1.677419354838709,
                    1.2
                ],
                [
                    -0.370967741935484,
                    -2.024193548387096,
                    1.2
                ],
                [
                    -0.153225806451613,
                    -0.05645161290322598,
                    1.2
                ]
            ]
        ],
        "vehicles": [
            {
                "ID": "V0",
                "position": [
                    -2.6209677419354844,
                    -0.935483870967742,
                    0.5
                ],
                "goal": [
                    2.024193548387096,
                    2.540322580645162,
                    0.5
                ]
            }
        ]
    }
}