{
    "scenebuilder": {
        "buildings": [],
        "vehicles": [
            {
                "ID": "V0",
                "position": [
                    -1.338709677419355,
                    -3.379032258064516,
                    0.5
                ],
                "goal": [
                    1.354838709677419,
                    0.967741935483871,
                    0.5
                ]
            }
        ]
    }
}